subreddit,subscribers,subscribers13,in_horiz_menu,in_dropdown_menu
funny,funny,8491543,3997640.0,True,True
announcements,announcements,8478507,3931064.0,False,True
AskReddit,AskReddit,8473368,3751470.0,True,True
pics,pics,8409451,3921652.0,True,True
todayilearned,todayilearned,8343499,3614904.0,True,True
worldnews,worldnews,8186722,3587949.0,True,True
science,science,8157656,3521953.0,True,True
IAmA,IAmA,8091373,3475142.0,True,True
videos,videos,7668705,3299319.0,True,True
gaming,gaming,7608155,3339353.0,True,True
movies,movies,7239648,2835288.0,True,True
Music,Music,6988022,2787771.0,True,True
aww,aww,6844268,2671068.0,True,True
news,news,5524370,775034.0,True,True
gifs,gifs,5407605,650824.0,True,True
askscience,askscience,5246986,751246.0,True,True
explainlikeimfive,explainlikeimfive,5154088,300659.0,True,True
technology,technology,5130958,3283185.0,False,False
EarthPorn,EarthPorn,4879981,280875.0,True,True
bestof,bestof,4785738,2881372.0,False,False
books,books,4685605,240125.0,True,True
WTF,WTF,4565322,3407853.0,False,False
television,television,4437629,46952.0,True,True
AdviceAnimals,AdviceAnimals,4259622,2669673.0,False,False
LifeProTips,LifeProTips,3661353,517819.0,True,True
sports,sports,3504372,91172.0,True,True
mildlyinteresting,mildlyinteresting,3428368,343071.0,True,True
DIY,DIY,3284394,306447.0,True,True
Fitness,Fitness,3226614,345629.0,True,True
Showerthoughts,Showerthoughts,3166545,34706.0,True,True
space,space,3157533,239732.0,True,True
Jokes,Jokes,3118242,225729.0,True,True
tifu,tifu,3116909,108012.0,True,True
politics,politics,3114138,3082944.0,False,False
food,food,3102434,275136.0,True,True
photoshopbattles,photoshopbattles,3071737,161893.0,True,True
InternetIsBeautiful,InternetIsBeautiful,3045862,66252.0,True,True
GetMotivated,GetMotivated,3008435,212916.0,True,True
history,history,2993136,153608.0,True,True
nottheonion,nottheonion,2989674,139797.0,True,True
gadgets,gadgets,2988382,139753.0,True,True
dataisbeautiful,dataisbeautiful,2972609,89693.0,True,True
Futurology,Futurology,2961685,88538.0,True,True
Documentaries,Documentaries,2944452,126190.0,True,True
listentothis,listentothis,2926184,161866.0,True,True
personalfinance,personalfinance,2908204,94154.0,True,True
philosophy,philosophy,2894620,135044.0,True,True
nosleep,nosleep,2866918,156315.0,True,True
Art,Art,2839513,148438.0,True,True
OldSchoolCool,OldSchoolCool,2829747,75826.0,True,True
creepy,creepy,2828707,141134.0,True,True
UpliftingNews,UpliftingNews,2808352,42540.0,True,True
WritingPrompts,WritingPrompts,2709230,10547.0,True,True
TwoXChromosomes,TwoXChromosomes,2675974,142768.0,True,True
atheism,atheism,2087359,2118004.0,False,False
woahdude,woahdude,787241,328720.0,False,False
trees,trees,736871,475744.0,False,False
leagueoflegends,leagueoflegends,680038,305868.0,False,False
4chan,4chan,634853,326503.0,False,False
programming,programming,611973,450788.0,False,False
Games,Games,604125,321688.0,False,False
fffffffuuuuuuuuuuuu,fffffffuuuuuuuuuuuu,587972,604950.0,False,False
sex,sex,563182,322851.0,False,False
Android,Android,548202,281290.0,False,False
reactiongifs,reactiongifs,523130,249352.0,False,False
cringepics,cringepics,511902,209483.0,False,False
gameofthrones,gameofthrones,500120,233868.0,False,False
malefashionadvice,malefashionadvice,482982,266529.0,False,False
Frugal,Frugal,472967,282840.0,False,False
YouShouldKnow,YouShouldKnow,467955,259279.0,False,False
pokemon,pokemon,437930,241568.0,False,False
Minecraft,Minecraft,436750,333467.0,False,False
HistoryPorn,HistoryPorn,435317,186687.0,False,False
interestingasfuck,interestingasfuck,422566,16308.0,False,False
comics,comics,404291,284516.0,False,False
lifehacks,lifehacks,397479,166658.0,False,False
AskHistorians,AskHistorians,396020,153385.0,False,False
tattoos,tattoos,381192,182334.0,False,False
pcmasterrace,pcmasterrace,379108,9458.0,False,False
nfl,nfl,377303,167666.0,False,False
JusticePorn,JusticePorn,376317,198343.0,False,False
Unexpected,Unexpected,375168,44450.0,False,False
FoodPorn,FoodPorn,372388,181260.0,False,False
facepalm,facepalm,363247,204431.0,False,False
wheredidthesodago,wheredidthesodago,344374,186187.0,False,False
BlackPeopleTwitter,BlackPeopleTwitter,343788,,False,False
soccer,soccer,342390,131087.0,False,False
wallpapers,wallpapers,342039,189242.0,False,False
TrueReddit,TrueReddit,335386,228386.0,False,False
cringe,cringe,332751,173895.0,False,False
gentlemanboners,gentlemanboners,327230,178063.0,False,False
europe,europe,326288,30806.0,False,False
freebies,freebies,317768,199620.0,False,False
offbeat,offbeat,311269,267533.0,False,False
GameDeals,GameDeals,307615,117706.0,False,False
relationships,relationships,306973,110471.0,False,False
humor,humor,304753,219256.0,False,False
conspiracy,conspiracy,302677,156436.0,False,False
Cooking,Cooking,300645,172784.0,False,False
oddlysatisfying,oddlysatisfying,300210,,False,False
